[
  {
    "ezRez": true,
    "latitude": "42.7483",
    "longitude": "-73.8017",
    "timeZone": "America/New_York",
    "mobileBoarding": true,
    "id": "ALB",
    "stateFederalUnit": "NY",
    "countryCode": "US",
    "displayName": "Albany, NY - ALB",
    "stationName": "Albany",
    "shortDisplayName": "Albany"
  },
  {
    "ezRez": true,
    "latitude": "35.0402",
    "longitude": "-106.609",
    "timeZone": "America/Denver",
    "mobileBoarding": true,
    "id": "ABQ",
    "stateFederalUnit": "NM",
    "countryCode": "US",
    "displayName": "Albuquerque, NM - ABQ",
    "stationName": "Albuquerque",
    "shortDisplayName": "Albuquerque"
  },
  {
    "ezRez": true,
    "latitude": "35.2194",
    "longitude": "-101.706",
    "timeZone": "America/Chicago",
    "mobileBoarding": true,
    "id": "AMA",
    "stateFederalUnit": "TX",
    "countryCode": "US",
    "displayName": "Amarillo, TX - AMA",
    "stationName": "Amarillo",
    "shortDisplayName": "Amarillo"
  },
  {
    "ezRez": false,
    "latitude": "12.5014",
    "longitude": "-70.0152",
    "timeZone": "America/Aruba",
    "mobileBoarding": false,
    "id": "AUA",
    "stateFederalUnit": "Aruba",
    "countryCode": "AW",
    "displayName": "Aruba, Aruba - AUA",
    "stationName": "Aruba",
    "shortDisplayName": "Aruba"
  },
  {
    "ezRez": true,
    "latitude": "33.6367",
    "longitude": "-84.4281",
    "timeZone": "America/New_York",
    "mobileBoarding": true,
    "id": "ATL",
    "stateFederalUnit": "GA",
    "countryCode": "US",
    "displayName": "Atlanta, GA - ATL",
    "stationName": "Atlanta",
    "shortDisplayName": "Atlanta"
  },
  {
    "ezRez": true,
    "latitude": "30.1945",
    "longitude": "-97.6699",
    "timeZone": "America/Chicago",
    "mobileBoarding": true,
    "id": "AUS",
    "stateFederalUnit": "TX",
    "countryCode": "US",
    "displayName": "Austin, TX - AUS",
    "stationName": "Austin",
    "shortDisplayName": "Austin"
  },
  {
    "ezRez": true,
    "latitude": "39.1754",
    "longitude": "-76.6683",
    "timeZone": "America/New_York",
    "mobileBoarding": true,
    "id": "BWI",
    "stateFederalUnit": "MD",
    "countryCode": "US",
    "displayName": "Baltimore/Washington, MD - BWI",
    "stationName": "Baltimore/Washington",
    "shortDisplayName": "Baltimore",
    "airportGroupId": "WDC",
    "airportGroupName": "Washington, D.C.",
    "airportGroups": ["BWI", "IAD", "DCA"]
  },
  {
    "ezRez": false,
    "latitude": "17.539144",
    "longitude": "-88.308202",
    "timeZone": "America/Belize",
    "mobileBoarding": false,
    "id": "BZE",
    "stateFederalUnit": "Belize",
    "countryCode": "BZ",
    "displayName": "Belize City, Belize - BZE",
    "stationName": "Belize City",
    "shortDisplayName": "Belize City"
  },
  {
    "ezRez": true,
    "latitude": "33.5629",
    "longitude": "-86.7535",
    "timeZone": "America/Chicago",
    "mobileBoarding": true,
    "id": "BHM",
    "stateFederalUnit": "AL",
    "countryCode": "US",
    "displayName": "Birmingham, AL - BHM",
    "stationName": "Birmingham",
    "shortDisplayName": "Birmingham"
  },
  {
    "ezRez": true,
    "latitude": "43.5644",
    "longitude": "-116.223",
    "timeZone": "America/Denver",
    "mobileBoarding": true,
    "id": "BOI",
    "stateFederalUnit": "ID",
    "countryCode": "US",
    "displayName": "Boise, ID - BOI",
    "stationName": "Boise",
    "shortDisplayName": "Boise"
  },
  {
    "ezRez": true,
    "latitude": "42.3643",
    "longitude": "-71.0052",
    "timeZone": "America/New_York",
    "mobileBoarding": true,
    "id": "BOS",
    "stateFederalUnit": "MA",
    "countryCode": "US",
    "displayName": "Boston Logan, MA - BOS",
    "stationName": "Boston Logan",
    "shortDisplayName": "Boston",
    "airportGroupId": "BOT",
    "airportGroupName": "Boston",
    "airportGroups": ["BOS", "MHT", "PVD"]
  },
  {
    "ezRez": true,
    "latitude": "42.9405",
    "longitude": "-78.7322",
    "timeZone": "America/New_York",
    "mobileBoarding": true,
    "id": "BUF",
    "stateFederalUnit": "NY",
    "countryCode": "US",
    "displayName": "Buffalo/Niagara, NY - BUF",
    "stationName": "Buffalo/Niagara",
    "shortDisplayName": "Buffalo"
  },
  {
    "ezRez": true,
    "latitude": "34.2007",
    "longitude": "-118.359",
    "timeZone": "America/Los_Angeles",
    "mobileBoarding": true,
    "id": "BUR",
    "stateFederalUnit": "CA",
    "countryCode": "US",
    "displayName": "Burbank, CA - BUR",
    "stationName": "Burbank",
    "shortDisplayName": "Burbank"
  },
  {
    "ezRez": false,
    "latitude": "23.1518",
    "longitude": "-109.721",
    "timeZone": "America/Mazatlan",
    "mobileBoarding": false,
    "id": "SJD",
    "stateFederalUnit": "MX",
    "countryCode": "MX",
    "displayName": "Cabo San Lucas/Los Cabos, MX - SJD",
    "stationName": "Cabo San Lucas/Los Cabos",
    "shortDisplayName": "Cabo San Lucas"
  },
  {
    "ezRez": false,
    "latitude": "21.0365",
    "longitude": "-86.8771",
    "timeZone": "America/Jamaica",
    "mobileBoarding": false,
    "id": "CUN",
    "stateFederalUnit": "Mexico",
    "countryCode": "MX",
    "displayName": "Cancun, Mexico - CUN",
    "stationName": "Cancun",
    "shortDisplayName": "Cancún"
  },
  {
    "ezRez": false,
    "latitude": "19.296389",
    "longitude": "-81.357611",
    "timeZone": "Jamaica",
    "mobileBoarding": false,
    "id": "GCM",
    "stateFederalUnit": "Cayman Islands",
    "countryCode": "KY",
    "displayName": "Grand Cayman, Cayman Islands - GCM",
    "stationName": "Grand Cayman",
    "shortDisplayName": "Cayman Islands"
  },
  {
    "ezRez": true,
    "latitude": "32.8986",
    "longitude": "-80.0405",
    "timeZone": "America/New_York",
    "mobileBoarding": true,
    "id": "CHS",
    "stateFederalUnit": "SC",
    "countryCode": "US",
    "displayName": "Charleston, SC - CHS",
    "stationName": "Charleston",
    "shortDisplayName": "Charleston"
  },
  {
    "ezRez": true,
    "latitude": "35.214",
    "longitude": "-80.9431",
    "timeZone": "America/New_York",
    "mobileBoarding": true,
    "id": "CLT",
    "stateFederalUnit": "NC",
    "countryCode": "US",
    "displayName": "Charlotte, NC - CLT",
    "stationName": "Charlotte",
    "shortDisplayName": "Charlotte"
  },
  {
    "ezRez": true,
    "latitude": "41.786",
    "longitude": "-87.7524",
    "timeZone": "America/Chicago",
    "mobileBoarding": true,
    "id": "MDW",
    "stateFederalUnit": "IL",
    "countryCode": "US",
    "displayName": "Chicago (Midway), IL - MDW",
    "stationName": "Chicago (Midway)",
    "shortDisplayName": "Chicago"
  },
  {
    "ezRez": true,
    "latitude": "39.0533",
    "longitude": "-84.6630",
    "timeZone": "America/Kentucky/Louisville",
    "mobileBoarding": false,
    "id": "CVG",
    "stateFederalUnit": "OH",
    "countryCode": "US",
    "displayName": "Cincinnati, OH - CVG",
    "stationName": "Cincinnati",
    "shortDisplayName": "Cincinnati"
  },
  {
    "ezRez": true,
    "latitude": "41.4117",
    "longitude": "-81.8498",
    "timeZone": "America/New_York",
    "mobileBoarding": true,
    "id": "CLE",
    "stateFederalUnit": "OH",
    "countryCode": "US",
    "displayName": "Cleveland, OH - CLE",
    "stationName": "Cleveland",
    "shortDisplayName": "Cleveland"
  },
  {
    "ezRez": true,
    "latitude": "39.998",
    "longitude": "-82.8919",
    "timeZone": "America/New_York",
    "mobileBoarding": true,
    "id": "CMH",
    "stateFederalUnit": "OH",
    "countryCode": "US",
    "displayName": "Columbus, OH - CMH",
    "stationName": "Columbus",
    "shortDisplayName": "Columbus"
  },
  {
    "ezRez": true,
    "latitude": "27.7704",
    "longitude": "-97.5012",
    "timeZone": "America/Chicago",
    "mobileBoarding": true,
    "id": "CRP",
    "stateFederalUnit": "TX",
    "countryCode": "US",
    "displayName": "Corpus Christi, TX - CRP",
    "stationName": "Corpus Christi",
    "shortDisplayName": "Corpus Christi"
  },
  {
    "ezRez": true,
    "latitude": "32.8471",
    "longitude": "-96.8518",
    "timeZone": "America/Chicago",
    "mobileBoarding": true,
    "id": "DAL",
    "stateFederalUnit": "TX",
    "countryCode": "US",
    "displayName": "Dallas (Love Field), TX - DAL",
    "stationName": "Dallas (Love Field)",
    "shortDisplayName": "Dallas"
  },
  {
    "ezRez": true,
    "latitude": "39.8617",
    "longitude": "-104.673",
    "timeZone": "America/Denver",
    "mobileBoarding": true,
    "id": "DEN",
    "stateFederalUnit": "CO",
    "countryCode": "US",
    "displayName": "Denver, CO - DEN",
    "stationName": "Denver",
    "shortDisplayName": "Denver"
  },
  {
    "ezRez": true,
    "latitude": "41.534",
    "longitude": "-93.6631",
    "timeZone": "America/Chicago",
    "mobileBoarding": true,
    "id": "DSM",
    "stateFederalUnit": "IA",
    "countryCode": "US",
    "displayName": "Des Moines, IA - DSM",
    "stationName": "Des Moines",
    "shortDisplayName": "Des Moines"
  },
  {
    "ezRez": true,
    "latitude": "42.2124",
    "longitude": "-83.3534",
    "timeZone": "America/New_York",
    "mobileBoarding": true,
    "id": "DTW",
    "stateFederalUnit": "MI",
    "countryCode": "US",
    "displayName": "Detroit, MI - DTW",
    "stationName": "Detroit",
    "shortDisplayName": "Detroit"
  },
  {
    "ezRez": true,
    "latitude": "31.8072",
    "longitude": "-106.378",
    "timeZone": "America/Denver",
    "mobileBoarding": true,
    "id": "ELP",
    "stateFederalUnit": "TX",
    "countryCode": "US",
    "displayName": "El Paso, TX - ELP",
    "stationName": "El Paso",
    "shortDisplayName": "El Paso"
  },
  {
    "ezRez": true,
    "latitude": "42.9654",
    "longitude": "-83.7436",
    "timeZone": "America/New_York",
    "mobileBoarding": true,
    "id": "FNT",
    "stateFederalUnit": "MI",
    "countryCode": "US",
    "displayName": "Flint, MI - FNT",
    "stationName": "Flint",
    "shortDisplayName": "Flint"
  },
  {
    "ezRez": true,
    "latitude": "26.0726",
    "longitude": "-80.1527",
    "timeZone": "America/New_York",
    "mobileBoarding": true,
    "id": "FLL",
    "stateFederalUnit": "FL",
    "countryCode": "US",
    "displayName": "Ft. Lauderdale, FL - FLL",
    "stationName": "Ft. Lauderdale",
    "shortDisplayName": "Ft. Lauderdale"
  },
  {
    "ezRez": true,
    "latitude": "26.5362",
    "longitude": "-81.7552",
    "timeZone": "America/New_York",
    "mobileBoarding": true,
    "id": "RSW",
    "stateFederalUnit": "FL",
    "countryCode": "US",
    "displayName": "Ft. Myers, FL - RSW",
    "stationName": "Ft. Myers",
    "shortDisplayName": "Ft. Myers"
  },
  {
    "ezRez": true,
    "latitude": "42.8808",
    "longitude": "-85.5228",
    "timeZone": "America/New_York",
    "mobileBoarding": true,
    "id": "GRR",
    "stateFederalUnit": "MI",
    "countryCode": "US",
    "displayName": "Grand Rapids, MI - GRR",
    "stationName": "Grand Rapids",
    "shortDisplayName": "Grand Rapids"
  },
  {
    "ezRez": true,
    "latitude": "34.8957",
    "longitude": "-82.2189",
    "timeZone": "America/New_York",
    "mobileBoarding": true,
    "id": "GSP",
    "stateFederalUnit": "SC",
    "countryCode": "US",
    "displayName": "Greenville/Spartanburg, SC - GSP",
    "stationName": "Greenville/Spartanburg",
    "shortDisplayName": "Greenville-Spartanburg"
  },
  {
    "ezRez": true,
    "latitude": "26.2285",
    "longitude": "-97.6544",
    "timeZone": "America/Chicago",
    "mobileBoarding": true,
    "id": "HRL",
    "stateFederalUnit": "TX",
    "countryCode": "US",
    "displayName": "Harlingen, TX - HRL",
    "stationName": "Harlingen",
    "shortDisplayName": "Harlingen"
  },
  {
    "ezRez": true,
    "latitude": "41.9389",
    "longitude": "-72.6832",
    "timeZone": "America/New_York",
    "mobileBoarding": true,
    "id": "BDL",
    "stateFederalUnit": "CT",
    "countryCode": "US",
    "displayName": "Hartford, CT - BDL",
    "stationName": "Hartford",
    "shortDisplayName": "Hartford"
  },
  {
    "ezRez": false,
    "latitude": "22.99845",
    "longitude": "-82.40818",
    "timeZone": "Cuba",
    "mobileBoarding": false,
    "id": "HAV",
    "stateFederalUnit": "Cuba",
    "countryCode": "CU",
    "displayName": "Havana, Cuba - HAV",
    "stationName": "Havana",
    "shortDisplayName": "Havana"
  },
  {
    "ezRez": true,
    "latitude": "29.6454",
    "longitude": "-95.2789",
    "timeZone": "America/Chicago",
    "mobileBoarding": true,
    "id": "HOU",
    "stateFederalUnit": "TX",
    "countryCode": "US",
    "displayName": "Houston (Hobby), TX - HOU",
    "stationName": "Houston (Hobby)",
    "shortDisplayName": "Houston"
  },
  {
    "ezRez": true,
    "latitude": "39.7173",
    "longitude": "-86.2944",
    "timeZone": "America/New_York",
    "mobileBoarding": true,
    "id": "IND",
    "stateFederalUnit": "IN",
    "countryCode": "US",
    "displayName": "Indianapolis, IN - IND",
    "stationName": "Indianapolis",
    "shortDisplayName": "Indianapolis"
  },
  {
    "ezRez": true,
    "latitude": "30.4941",
    "longitude": "-81.6879",
    "timeZone": "America/New_York",
    "mobileBoarding": true,
    "id": "JAX",
    "stateFederalUnit": "FL",
    "countryCode": "US",
    "displayName": "Jacksonville, FL - JAX",
    "stationName": "Jacksonville",
    "shortDisplayName": "Jacksonville"
  },
  {
    "ezRez": true,
    "latitude": "39.2976",
    "longitude": "-94.7139",
    "timeZone": "America/Chicago",
    "mobileBoarding": true,
    "id": "MCI",
    "stateFederalUnit": "MO",
    "countryCode": "US",
    "displayName": "Kansas City, MO - MCI",
    "stationName": "Kansas City",
    "shortDisplayName": "Kansas City"
  },
  {
    "ezRez": true,
    "latitude": "36.0801",
    "longitude": "-115.152",
    "timeZone": "America/Los_Angeles",
    "mobileBoarding": true,
    "id": "LAS",
    "stateFederalUnit": "NV",
    "countryCode": "US",
    "displayName": "Las Vegas, NV - LAS",
    "stationName": "Las Vegas",
    "shortDisplayName": "Las Vegas"
  },
  {
    "ezRez": false,
    "latitude": "10.600005",
    "longitude": "-85.53839",
    "timeZone": "America/Costa_Rica",
    "mobileBoarding": false,
    "id": "LIR",
    "stateFederalUnit": "Costa Rica",
    "countryCode": "CR",
    "displayName": "Liberia, Costa Rica - LIR",
    "stationName": "Liberia",
    "shortDisplayName": "Liberia"
  },
  {
    "ezRez": true,
    "latitude": "34.7294",
    "longitude": "-92.2243",
    "timeZone": "America/Chicago",
    "mobileBoarding": true,
    "id": "LIT",
    "stateFederalUnit": "AR",
    "countryCode": "US",
    "displayName": "Little Rock, AR - LIT",
    "stationName": "Little Rock",
    "shortDisplayName": "Little Rock"
  },
  {
    "ezRez": true,
    "latitude": "33.817722",
    "longitude": "-118.15161",
    "timeZone": "America/Los_Angeles",
    "mobileBoarding": false,
    "id": "LGB",
    "stateFederalUnit": "CA",
    "countryCode": "US",
    "displayName": "Long Beach, CA - LGB",
    "stationName": "Long Beach",
    "shortDisplayName": "Long Beach"
  },
  {
    "ezRez": true,
    "latitude": "40.7952",
    "longitude": "-73.1002",
    "timeZone": "America/New_York",
    "mobileBoarding": true,
    "id": "ISP",
    "stateFederalUnit": "NY",
    "countryCode": "US",
    "displayName": "Long Island/Islip, NY - ISP",
    "stationName": "Long Island/Islip",
    "shortDisplayName": "Long Island"
  },
  {
    "ezRez": true,
    "latitude": "33.9425",
    "longitude": "-118.408",
    "timeZone": "America/Los_Angeles",
    "mobileBoarding": true,
    "id": "LAX",
    "stateFederalUnit": "CA",
    "countryCode": "US",
    "displayName": "Los Angeles, CA - LAX",
    "stationName": "Los Angeles",
    "shortDisplayName": "Los Angeles"
  },
  {
    "ezRez": true,
    "latitude": "38.1744",
    "longitude": "-85.736",
    "timeZone": "America/New_York",
    "mobileBoarding": true,
    "id": "SDF",
    "stateFederalUnit": "KY",
    "countryCode": "US",
    "displayName": "Louisville, KY - SDF",
    "stationName": "Louisville",
    "shortDisplayName": "Louisville"
  },
  {
    "ezRez": true,
    "latitude": "33.6636",
    "longitude": "-101.823",
    "timeZone": "America/Chicago",
    "mobileBoarding": true,
    "id": "LBB",
    "stateFederalUnit": "TX",
    "countryCode": "US",
    "displayName": "Lubbock, TX - LBB",
    "stationName": "Lubbock",
    "shortDisplayName": "Lubbock"
  },
  {
    "ezRez": true,
    "latitude": "42.9326",
    "longitude": "-71.4357",
    "timeZone": "America/New_York",
    "mobileBoarding": true,
    "id": "MHT",
    "stateFederalUnit": "NH",
    "countryCode": "US",
    "displayName": "Manchester, NH - MHT",
    "stationName": "Manchester",
    "shortDisplayName": "Manchester",
    "airportGroupId": "BOT",
    "airportGroupName": "Boston",
    "airportGroups": ["BOS", "MHT", "PVD"]
  },
  {
    "ezRez": true,
    "latitude": "35.0424",
    "longitude": "-89.9767",
    "timeZone": "America/Chicago",
    "mobileBoarding": true,
    "id": "MEM",
    "stateFederalUnit": "TN",
    "countryCode": "US",
    "displayName": "Memphis, TN - MEM",
    "stationName": "Memphis",
    "shortDisplayName": "Memphis"
  },
  {
    "ezRez": false,
    "latitude": "19.4363",
    "longitude": "-99.0721",
    "timeZone": "America/Mexico_City",
    "mobileBoarding": false,
    "id": "MEX",
    "stateFederalUnit": "Mexico",
    "countryCode": "MX",
    "displayName": "Mexico City, Mexico - MEX",
    "stationName": "Mexico City",
    "shortDisplayName": "Mexico City"
  },
  {
    "ezRez": true,
    "latitude": "31.9425",
    "longitude": "-102.202",
    "timeZone": "America/Chicago",
    "mobileBoarding": true,
    "id": "MAF",
    "stateFederalUnit": "TX",
    "countryCode": "US",
    "displayName": "Midland/Odessa, TX - MAF",
    "stationName": "Midland/Odessa",
    "shortDisplayName": "Midland"
  },
  {
    "ezRez": true,
    "latitude": "42.9472",
    "longitude": "-87.8966",
    "timeZone": "America/Chicago",
    "mobileBoarding": true,
    "id": "MKE",
    "stateFederalUnit": "WI",
    "countryCode": "US",
    "displayName": "Milwaukee, WI - MKE",
    "stationName": "Milwaukee",
    "shortDisplayName": "Milwaukee"
  },
  {
    "ezRez": true,
    "latitude": "44.882",
    "longitude": "-93.2218",
    "timeZone": "America/Chicago",
    "mobileBoarding": true,
    "id": "MSP",
    "stateFederalUnit": "MN",
    "countryCode": "US",
    "displayName": "Minneapolis/St. Paul (Terminal 2), MN - MSP",
    "stationName": "Minneapolis/St. Paul (Terminal 2)",
    "shortDisplayName": "Minneapolis"
  },
  {
    "ezRez": false,
    "latitude": "18.5037",
    "longitude": "-77.9134",
    "timeZone": "America/Jamaica",
    "mobileBoarding": false,
    "id": "MBJ",
    "stateFederalUnit": "Jamaica",
    "countryCode": "JM",
    "displayName": "Montego Bay, Jamaica - MBJ",
    "stationName": "Montego Bay",
    "shortDisplayName": "Montego Bay"
  },
  {
    "ezRez": true,
    "latitude": "40.7772",
    "longitude": "-73.8726",
    "timeZone": "America/New_York",
    "mobileBoarding": true,
    "id": "LGA",
    "stateFederalUnit": "NY",
    "countryCode": "US",
    "displayName": "New York (LaGuardia), NY - LGA",
    "stationName": "New York (LaGuardia)",
    "shortDisplayName": "NYC (LaGuardia)"
  },
  {
    "ezRez": true,
    "latitude": "36.1245",
    "longitude": "-86.6782",
    "timeZone": "America/Chicago",
    "mobileBoarding": true,
    "id": "BNA",
    "stateFederalUnit": "TN",
    "countryCode": "US",
    "displayName": "Nashville, TN - BNA",
    "stationName": "Nashville",
    "shortDisplayName": "Nashville"
  },
  {
    "ezRez": false,
    "latitude": "25.039",
    "longitude": "-77.4662",
    "timeZone": "America/Nassau",
    "mobileBoarding": false,
    "id": "NAS",
    "stateFederalUnit": "Bahamas",
    "countryCode": "BS",
    "displayName": "Nassau, Bahamas - NAS",
    "stationName": "Nassau",
    "shortDisplayName": "Nassau"
  },
  {
    "ezRez": true,
    "latitude": "29.9934",
    "longitude": "-90.258",
    "timeZone": "America/Chicago",
    "mobileBoarding": true,
    "id": "MSY",
    "stateFederalUnit": "LA",
    "countryCode": "US",
    "displayName": "New Orleans, LA - MSY",
    "stationName": "New Orleans",
    "shortDisplayName": "New Orleans"
  },
  {
    "ezRez": true,
    "latitude": "40.6925",
    "longitude": "-74.1687",
    "timeZone": "America/New_York",
    "mobileBoarding": true,
    "id": "EWR",
    "stateFederalUnit": "NJ",
    "countryCode": "US",
    "displayName": "New York/Newark, NJ - EWR",
    "stationName": "New York/Newark",
    "shortDisplayName": "Newark"
  },
  {
    "ezRez": true,
    "latitude": "36.8946",
    "longitude": "-76.2012",
    "timeZone": "America/New_York",
    "mobileBoarding": true,
    "id": "ORF",
    "stateFederalUnit": "VA",
    "countryCode": "US",
    "displayName": "Norfolk, VA - ORF",
    "stationName": "Norfolk",
    "shortDisplayName": "Norfolk"
  },
  {
    "ezRez": true,
    "latitude": "37.7213",
    "longitude": "-122.221",
    "timeZone": "America/Los_Angeles",
    "mobileBoarding": true,
    "id": "OAK",
    "stateFederalUnit": "CA",
    "countryCode": "US",
    "displayName": "Oakland, CA - OAK",
    "stationName": "Oakland",
    "shortDisplayName": "Oakland"
  },
  {
    "ezRez": true,
    "latitude": "35.3931",
    "longitude": "-97.6007",
    "timeZone": "America/Chicago",
    "mobileBoarding": true,
    "id": "OKC",
    "stateFederalUnit": "OK",
    "countryCode": "US",
    "displayName": "Oklahoma City, OK - OKC",
    "stationName": "Oklahoma City",
    "shortDisplayName": "Oklahoma City"
  },
  {
    "ezRez": true,
    "latitude": "41.3032",
    "longitude": "-95.8941",
    "timeZone": "America/Chicago",
    "mobileBoarding": true,
    "id": "OMA",
    "stateFederalUnit": "NE",
    "countryCode": "US",
    "displayName": "Omaha, NE - OMA",
    "stationName": "Omaha",
    "shortDisplayName": "Omaha"
  },
  {
    "ezRez": true,
    "latitude": "34.056",
    "longitude": "-117.601",
    "timeZone": "America/Los_Angeles",
    "mobileBoarding": true,
    "id": "ONT",
    "stateFederalUnit": "CA",
    "countryCode": "US",
    "displayName": "Ontario/LA, CA - ONT",
    "stationName": "Ontario/LA",
    "shortDisplayName": "Ontario"
  },
  {
    "ezRez": true,
    "latitude": "33.6757",
    "longitude": "-117.868",
    "timeZone": "America/Los_Angeles",
    "mobileBoarding": true,
    "id": "SNA",
    "stateFederalUnit": "CA",
    "countryCode": "US",
    "displayName": "Orange County/Santa Ana, CA - SNA",
    "stationName": "Orange County/Santa Ana",
    "shortDisplayName": "Orange County"
  },
  {
    "ezRez": true,
    "latitude": "28.4294",
    "longitude": "-81.309",
    "timeZone": "America/New_York",
    "mobileBoarding": true,
    "id": "MCO",
    "stateFederalUnit": "FL",
    "countryCode": "US",
    "displayName": "Orlando, FL - MCO",
    "stationName": "Orlando",
    "shortDisplayName": "Orlando"
  },
  {
    "ezRez": true,
    "latitude": "30.3582",
    "longitude": "-85.7956",
    "timeZone": "America/Chicago",
    "mobileBoarding": true,
    "id": "ECP",
    "stateFederalUnit": "FL",
    "countryCode": "US",
    "displayName": "Panama City Beach, FL - ECP",
    "stationName": "Panama City Beach",
    "shortDisplayName": "Panama City"
  },
  {
    "ezRez": true,
    "latitude": "30.4734",
    "longitude": "-87.1866",
    "timeZone": "America/Chicago",
    "mobileBoarding": true,
    "id": "PNS",
    "stateFederalUnit": "FL",
    "countryCode": "US",
    "displayName": "Pensacola, FL - PNS",
    "stationName": "Pensacola",
    "shortDisplayName": "Pensacola"
  },
  {
    "ezRez": true,
    "latitude": "39.8719",
    "longitude": "-75.2411",
    "timeZone": "America/New_York",
    "mobileBoarding": true,
    "id": "PHL",
    "stateFederalUnit": "PA",
    "countryCode": "US",
    "displayName": "Philadelphia, PA - PHL",
    "stationName": "Philadelphia",
    "shortDisplayName": "Philadelphia"
  },
  {
    "ezRez": true,
    "latitude": "33.4343",
    "longitude": "-112.012",
    "timeZone": "US/Arizona",
    "mobileBoarding": true,
    "id": "PHX",
    "stateFederalUnit": "AZ",
    "countryCode": "US",
    "displayName": "Phoenix, AZ - PHX",
    "stationName": "Phoenix",
    "shortDisplayName": "Phoenix"
  },
  {
    "ezRez": true,
    "latitude": "40.4915",
    "longitude": "-80.2329",
    "timeZone": "America/New_York",
    "mobileBoarding": true,
    "id": "PIT",
    "stateFederalUnit": "PA",
    "countryCode": "US",
    "displayName": "Pittsburgh, PA - PIT",
    "stationName": "Pittsburgh",
    "shortDisplayName": "Pittsburgh"
  },
  {
    "ezRez": true,
    "latitude": "43.6462",
    "longitude": "-70.3093",
    "timeZone": "America/New_York",
    "mobileBoarding": true,
    "id": "PWM",
    "stateFederalUnit": "ME",
    "countryCode": "US",
    "displayName": "Portland, ME - PWM",
    "stationName": "Portland",
    "shortDisplayName": "Portland"
  },
  {
    "ezRez": true,
    "latitude": "45.5887",
    "longitude": "-122.598",
    "timeZone": "America/Los_Angeles",
    "mobileBoarding": true,
    "id": "PDX",
    "stateFederalUnit": "OR",
    "countryCode": "US",
    "displayName": "Portland, OR - PDX",
    "stationName": "Portland",
    "shortDisplayName": "Portland"
  },
  {
    "ezRez": true,
    "latitude": "41.7326",
    "longitude": "-71.4204",
    "timeZone": "America/New_York",
    "mobileBoarding": true,
    "id": "PVD",
    "stateFederalUnit": "RI",
    "countryCode": "US",
    "displayName": "Providence, RI - PVD",
    "stationName": "Providence",
    "shortDisplayName": "Providence",
    "airportGroupId": "BOT",
    "airportGroupName": "Boston",
    "airportGroups": ["BOS", "MHT", "PVD"]
  },
  {
    "ezRez": false,
    "latitude": "20.6801",
    "longitude": "-105.254",
    "timeZone": "America/Mexico_City",
    "mobileBoarding": false,
    "id": "PVR",
    "stateFederalUnit": "MX",
    "countryCode": "MX",
    "displayName": "Puerto Vallarta, MX - PVR",
    "stationName": "Puerto Vallarta",
    "shortDisplayName": "Puerto Vallarta"
  },
  {
    "ezRez": false,
    "latitude": "18.5674",
    "longitude": "-68.3634",
    "timeZone": "America/Santo_Domingo",
    "mobileBoarding": false,
    "id": "PUJ",
    "stateFederalUnit": "DO",
    "countryCode": "DO",
    "displayName": "Punta Cana, DO - PUJ",
    "stationName": "Punta Cana",
    "shortDisplayName": "Punta Cana"
  },
  {
    "ezRez": true,
    "latitude": "35.8776",
    "longitude": "-78.7875",
    "timeZone": "America/New_York",
    "mobileBoarding": true,
    "id": "RDU",
    "stateFederalUnit": "NC",
    "countryCode": "US",
    "displayName": "Raleigh/Durham, NC - RDU",
    "stationName": "Raleigh/Durham",
    "shortDisplayName": "Raleigh-Durham"
  },
  {
    "ezRez": true,
    "latitude": "39.4991",
    "longitude": "-119.768",
    "timeZone": "America/Los_Angeles",
    "mobileBoarding": true,
    "id": "RNO",
    "stateFederalUnit": "NV",
    "countryCode": "US",
    "displayName": "Reno/Tahoe, NV - RNO",
    "stationName": "Reno/Tahoe",
    "shortDisplayName": "Reno"
  },
  {
    "ezRez": true,
    "latitude": "37.5052",
    "longitude": "-77.3197",
    "timeZone": "America/New_York",
    "mobileBoarding": true,
    "id": "RIC",
    "stateFederalUnit": "VA",
    "countryCode": "US",
    "displayName": "Richmond, VA - RIC",
    "stationName": "Richmond",
    "shortDisplayName": "Richmond"
  },
  {
    "ezRez": true,
    "latitude": "43.1189",
    "longitude": "-77.6724",
    "timeZone": "America/New_York",
    "mobileBoarding": true,
    "id": "ROC",
    "stateFederalUnit": "NY",
    "countryCode": "US",
    "displayName": "Rochester, NY - ROC",
    "stationName": "Rochester",
    "shortDisplayName": "Rochester"
  },
  {
    "ezRez": true,
    "latitude": "38.6954",
    "longitude": "-121.591",
    "timeZone": "America/Los_Angeles",
    "mobileBoarding": true,
    "id": "SMF",
    "stateFederalUnit": "CA",
    "countryCode": "US",
    "displayName": "Sacramento, CA - SMF",
    "stationName": "Sacramento",
    "shortDisplayName": "Sacramento"
  },
  {
    "ezRez": true,
    "latitude": "40.7884",
    "longitude": "-111.978",
    "timeZone": "America/Denver",
    "mobileBoarding": true,
    "id": "SLC",
    "stateFederalUnit": "UT",
    "countryCode": "US",
    "displayName": "Salt Lake City, UT - SLC",
    "stationName": "Salt Lake City",
    "shortDisplayName": "Salt Lake City"
  },
  {
    "ezRez": true,
    "latitude": "29.5337",
    "longitude": "-98.4698",
    "timeZone": "America/Chicago",
    "mobileBoarding": true,
    "id": "SAT",
    "stateFederalUnit": "TX",
    "countryCode": "US",
    "displayName": "San Antonio, TX - SAT",
    "stationName": "San Antonio",
    "shortDisplayName": "San Antonio"
  },
  {
    "ezRez": true,
    "latitude": "32.7336",
    "longitude": "-117.19",
    "timeZone": "America/Los_Angeles",
    "mobileBoarding": true,
    "id": "SAN",
    "stateFederalUnit": "CA",
    "countryCode": "US",
    "displayName": "San Diego, CA - SAN",
    "stationName": "San Diego",
    "shortDisplayName": "San Diego"
  },
  {
    "ezRez": true,
    "latitude": "37.619",
    "longitude": "-122.375",
    "timeZone": "America/Los_Angeles",
    "mobileBoarding": true,
    "id": "SFO",
    "stateFederalUnit": "CA",
    "countryCode": "US",
    "displayName": "San Francisco, CA - SFO",
    "stationName": "San Francisco",
    "shortDisplayName": "San Francisco"
  },
  {
    "ezRez": true,
    "latitude": "37.3626",
    "longitude": "-121.929",
    "timeZone": "America/Los_Angeles",
    "mobileBoarding": true,
    "id": "SJC",
    "stateFederalUnit": "CA",
    "countryCode": "US",
    "displayName": "San Jose, CA - SJC",
    "stationName": "San Jose",
    "shortDisplayName": "San Jose"
  },
  {
    "ezRez": false,
    "latitude": "9.993903",
    "longitude": "-84.208855",
    "timeZone": "America/Costa_Rica",
    "mobileBoarding": false,
    "id": "SJO",
    "stateFederalUnit": "Costa Rica",
    "countryCode": "CR",
    "displayName": "San Jose, Costa Rica - SJO",
    "stationName": "San Jose",
    "shortDisplayName": "San José"
  },
  {
    "ezRez": true,
    "latitude": "18.4394",
    "longitude": "-66.0018",
    "timeZone": "America/Puerto_Rico",
    "mobileBoarding": true,
    "id": "SJU",
    "stateFederalUnit": "PR",
    "countryCode": "US",
    "displayName": "San Juan, PR - SJU",
    "stationName": "San Juan",
    "shortDisplayName": "San Juan"
  },
  {
    "ezRez": true,
    "latitude": "47.449",
    "longitude": "-122.309",
    "timeZone": "America/Los_Angeles",
    "mobileBoarding": true,
    "id": "SEA",
    "stateFederalUnit": "WA",
    "countryCode": "US",
    "displayName": "Seattle/Tacoma, WA - SEA",
    "stationName": "Seattle/Tacoma",
    "shortDisplayName": "Seattle"
  },
  {
    "ezRez": true,
    "latitude": "47.6199",
    "longitude": "-117.534",
    "timeZone": "America/Los_Angeles",
    "mobileBoarding": true,
    "id": "GEG",
    "stateFederalUnit": "WA",
    "countryCode": "US",
    "displayName": "Spokane, WA - GEG",
    "stationName": "Spokane",
    "shortDisplayName": "Spokane"
  },
  {
    "ezRez": true,
    "latitude": "38.7487",
    "longitude": "-90.37",
    "timeZone": "America/Chicago",
    "mobileBoarding": true,
    "id": "STL",
    "stateFederalUnit": "MO",
    "countryCode": "US",
    "displayName": "St. Louis, MO - STL",
    "stationName": "St. Louis",
    "shortDisplayName": "St. Louis"
  },
  {
    "ezRez": true,
    "latitude": "27.9755",
    "longitude": "-82.5332",
    "timeZone": "America/New_York",
    "mobileBoarding": true,
    "id": "TPA",
    "stateFederalUnit": "FL",
    "countryCode": "US",
    "displayName": "Tampa, FL - TPA",
    "stationName": "Tampa",
    "shortDisplayName": "Tampa"
  },
  {
    "ezRez": true,
    "latitude": "32.1161",
    "longitude": "-110.941",
    "timeZone": "US/Arizona",
    "mobileBoarding": true,
    "id": "TUS",
    "stateFederalUnit": "AZ",
    "countryCode": "US",
    "displayName": "Tucson, AZ - TUS",
    "stationName": "Tucson",
    "shortDisplayName": "Tucson"
  },
  {
    "ezRez": true,
    "latitude": "36.1984",
    "longitude": "-95.8881",
    "timeZone": "America/Chicago",
    "mobileBoarding": true,
    "id": "TUL",
    "stateFederalUnit": "OK",
    "countryCode": "US",
    "displayName": "Tulsa, OK - TUL",
    "stationName": "Tulsa",
    "shortDisplayName": "Tulsa"
  },
  {
    "ezRez": false,
    "latitude": "21.7736",
    "longitude": "-72.2652",
    "timeZone": "America/Santo_Domingo",
    "mobileBoarding": false,
    "id": "PLS",
    "stateFederalUnit": "Turks and Caicos",
    "countryCode": "TC",
    "displayName": "Providenciales, Turks and Caicos - PLS",
    "stationName": "Providenciales",
    "shortDisplayName": "Turks and Caicos"
  },
  {
    "ezRez": true,
    "latitude": "38.9445",
    "longitude": "-77.4558",
    "timeZone": "America/New_York",
    "mobileBoarding": true,
    "id": "IAD",
    "stateFederalUnit": "DC",
    "countryCode": "US",
    "displayName": "Washington (Dulles), DC - IAD",
    "stationName": "Washington (Dulles)",
    "shortDisplayName": "Washington",
    "airportGroupId": "WDC",
    "airportGroupName": "Washington, D.C.",
    "airportGroups": ["BWI", "IAD", "DCA"]
  },
  {
    "ezRez": true,
    "latitude": "38.8521",
    "longitude": "-77.0377",
    "timeZone": "America/New_York",
    "mobileBoarding": true,
    "id": "DCA",
    "stateFederalUnit": "DC",
    "countryCode": "US",
    "displayName": "Washington (Reagan National), DC - DCA",
    "stationName": "Washington (Reagan National)",
    "shortDisplayName": "Washington",
    "airportGroupId": "WDC",
    "airportGroupName": "Washington, D.C.",
    "airportGroups": ["BWI", "IAD", "DCA"]
  },
  {
    "ezRez": true,
    "latitude": "26.6832",
    "longitude": "-80.0956",
    "timeZone": "America/New_York",
    "mobileBoarding": true,
    "id": "PBI",
    "stateFederalUnit": "FL",
    "countryCode": "US",
    "displayName": "West Palm Beach, FL - PBI",
    "stationName": "West Palm Beach",
    "shortDisplayName": "West Palm Beach"
  },
  {
    "ezRez": true,
    "latitude": "37.6499",
    "longitude": "-97.4331",
    "timeZone": "America/Chicago",
    "mobileBoarding": true,
    "id": "ICT",
    "stateFederalUnit": "KS",
    "countryCode": "US",
    "displayName": "Wichita, KS - ICT",
    "stationName": "Wichita",
    "shortDisplayName": "Wichita"
  }
]
