[
  {
    "code": "CAK",
    "airportName": "Akron-Canton",
    "displayName": "Akron-Canton",
    "cityName": "Akron",
    "shortDisplayName": "Akron",
    "cityState": "OH",
    "marketingCarriers": ["WN"],
    "countryCode": "US",
    "latitude": "40.9161",
    "longitude": "-81.4422",
    "airportSearchName": "Ohio"
  },
  {
    "code": "ALB",
    "airportName": "Albany",
    "displayName": "Albany",
    "cityName": "Albany",
    "shortDisplayName": "Albany",
    "cityState": "NY",
    "marketingCarriers": ["WN"],
    "countryCode": "US",
    "latitude": "42.7483",
    "longitude": "-73.8017",
    "airportSearchName": "New York"
  },
  {
    "code": "ABQ",
    "airportName": "Albuquerque",
    "displayName": "Albuquerque",
    "cityName": "Albuquerque",
    "shortDisplayName": "Albuquerque",
    "cityState": "NM",
    "marketingCarriers": ["WN"],
    "countryCode": "US",
    "latitude": "35.0402",
    "longitude": "-106.609",
    "airportSearchName": "New Mexico, Santa Fe"
  },
  {
    "code": "AMA",
    "airportName": "Amarillo",
    "displayName": "Amarillo",
    "cityName": "Amarillo",
    "shortDisplayName": "Amarillo",
    "cityState": "TX",
    "marketingCarriers": ["WN"],
    "countryCode": "US",
    "latitude": "35.2194",
    "longitude": "-101.706",
    "airportSearchName": "Texas"
  },
  {
    "code": "AUA",
    "airportName": "Aruba",
    "displayName": "Aruba",
    "cityName": "Aruba",
    "shortDisplayName": "Aruba",
    "cityState": "Aruba",
    "marketingCarriers": ["WN"],
    "countryCode": "AW",
    "latitude": "12.5014",
    "longitude": "-70.0152",
    "airportSearchName": ""
  },
  {
    "code": "ATL",
    "airportName": "Atlanta",
    "displayName": "Atlanta",
    "cityName": "Atlanta",
    "shortDisplayName": "Atlanta",
    "cityState": "GA",
    "marketingCarriers": ["WN"],
    "countryCode": "US",
    "latitude": "33.6367",
    "longitude": "-84.4281",
    "airportSearchName": "Georgia, Giorgia"
  },
  {
    "code": "ABI",
    "airportName": "Abilene",
    "displayName": "Abilene",
    "cityName": "Abilene",
    "shortDisplayName": "Abilene",
    "cityState": "TX",
    "marketingCarriers": ["WN"],
    "countryCode": "US",
    "latitude": "33.6367",
    "longitude": "-84.4281",
    "airportSearchName": "Texas"
  },
  {
    "code": "AUS",
    "airportName": "Austin",
    "displayName": "Austin",
    "cityName": "Austin",
    "shortDisplayName": "Austin",
    "cityState": "TX",
    "marketingCarriers": ["WN"],
    "countryCode": "US",
    "latitude": "30.1945",
    "longitude": "-97.6699",
    "airportSearchName": "Texas"
  },
  {
    "code": "BWI",
    "airportName": "Baltimore/Washington",
    "displayName": "Baltimore/Washington",
    "cityName": "Baltimore",
    "shortDisplayName": "Baltimore",
    "cityState": "MD",
    "marketingCarriers": ["WN"],
    "countryCode": "US",
    "latitude": "39.1754",
    "longitude": "-76.6683",
    "airportSearchName": "Maryland, District of Columbia, Balmo, Balmer, D.C., DC"
  },
  {
    "code": "BZE",
    "airportName": "Belize City",
    "displayName": "Belize City",
    "cityName": "Belize City",
    "shortDisplayName": "Belize City",
    "cityState": "Belize",
    "marketingCarriers": ["WN"],
    "countryCode": "BZ",
    "latitude": "17.539144",
    "longitude": "-88.308202",
    "airportSearchName": ""
  },
  {
    "code": "BHM",
    "airportName": "Birmingham",
    "displayName": "Birmingham",
    "cityName": "Birmingham",
    "shortDisplayName": "Birmingham",
    "cityState": "AL",
    "marketingCarriers": ["WN"],
    "countryCode": "US",
    "latitude": "33.5629",
    "longitude": "-86.7535",
    "airportSearchName": "Alabama, Tuscaloosa"
  },
  {
    "code": "BOI",
    "airportName": "Boise",
    "displayName": "Boise",
    "cityName": "Boise",
    "shortDisplayName": "Boise",
    "cityState": "ID",
    "marketingCarriers": ["WN"],
    "countryCode": "US",
    "latitude": "43.5644",
    "longitude": "-116.223",
    "airportSearchName": "Idaho, Yellowstone"
  },
  {
    "code": "BOS",
    "airportName": "Boston Logan",
    "displayName": "Boston Logan",
    "cityName": "Boston",
    "shortDisplayName": "Boston",
    "cityState": "MA",
    "marketingCarriers": ["WN"],
    "countryCode": "US",
    "latitude": "42.3643",
    "longitude": "-71.0052",
    "airportSearchName": "Massachusets, Providence, Beantown"
  },
  {
    "code": "BUF",
    "airportName": "Buffalo/Niagara",
    "displayName": "Buffalo/Niagara",
    "cityName": "Buffalo",
    "shortDisplayName": "Buffalo",
    "cityState": "NY",
    "marketingCarriers": ["WN"],
    "countryCode": "US",
    "latitude": "42.9405",
    "longitude": "-78.7322",
    "airportSearchName": "New York, Niagara Falls, Toronto"
  },
  {
    "code": "BUR",
    "airportName": "Burbank",
    "displayName": "Burbank",
    "cityName": "Burbank,Ontario,Orange County,Los Angeles",
    "shortDisplayName": "Burbank",
    "cityState": "CA",
    "marketingCarriers": ["WN"],
    "countryCode": "US",
    "latitude": "34.2007",
    "longitude": "-118.359",
    "airportSearchName": "California, Hollywood, Los Angeles, Orange County, Santa Ana, Ontario, Universal Studios, Long Beach, LGB, Bob Hope"
  },
  {
    "code": "SJD",
    "airportName": "Cabo San Lucas/Los Cabos",
    "displayName": "Cabo San Lucas/Los Cabos",
    "cityName": "Los Cabos",
    "shortDisplayName": "Los Cabos",
    "cityState": "MX",
    "marketingCarriers": ["WN"],
    "countryCode": "MX",
    "latitude": "23.1518",
    "longitude": "-109.721",
    "airportSearchName": "Mexico"
  },
  {
    "code": "CUN",
    "airportName": "Cancun",
    "displayName": "Cancun",
    "cityName": "Cancun",
    "shortDisplayName": "Cancún",
    "cityState": "Mexico",
    "marketingCarriers": ["WN"],
    "countryCode": "MX",
    "latitude": "21.0365",
    "longitude": "-86.8771",
    "airportSearchName": "Mexico"
  },
  {
    "code": "CHS",
    "airportName": "Charleston",
    "displayName": "Charleston",
    "cityName": "Charleston",
    "shortDisplayName": "Charleston",
    "cityState": "SC",
    "marketingCarriers": ["WN"],
    "countryCode": "US",
    "latitude": "32.8986",
    "longitude": "-80.0405",
    "airportSearchName": "South Carolina, Savannah, Myrtle Beach"
  },
  {
    "code": "CLT",
    "airportName": "Charlotte",
    "displayName": "Charlotte",
    "cityName": "Charlotte",
    "shortDisplayName": "Charlotte",
    "cityState": "NC",
    "marketingCarriers": ["WN"],
    "countryCode": "US",
    "latitude": "35.214",
    "longitude": "-80.9431",
    "airportSearchName": "North Carolina, Concord"
  },
  {
    "code": "MDW",
    "airportName": "Chicago (Midway)",
    "displayName": "Chicago (Midway)",
    "cityName": "Chicago",
    "shortDisplayName": "Chicago",
    "cityState": "IL",
    "marketingCarriers": ["WN"],
    "countryCode": "US",
    "latitude": "41.786",
    "longitude": "-87.7524",
    "airportSearchName": "Illinois, Ilinois, Chitown, Windy City, ORD, Ohare, O'Hare"
  },
  {
    "code": "CLE",
    "airportName": "Cleveland",
    "displayName": "Cleveland",
    "cityName": "Cleveland",
    "shortDisplayName": "Cleveland",
    "cityState": "OH",
    "marketingCarriers": ["WN"],
    "countryCode": "US",
    "latitude": "41.4117",
    "longitude": "-81.8498",
    "airportSearchName": "Ohio, Akron"
  },
  {
    "code": "CMH",
    "airportName": "Columbus",
    "displayName": "Columbus",
    "cityName": "Columbus",
    "shortDisplayName": "Columbus",
    "cityState": "OH",
    "marketingCarriers": ["WN"],
    "countryCode": "US",
    "latitude": "39.998",
    "longitude": "-82.8919",
    "airportSearchName": "Ohio"
  },
  {
    "code": "CRP",
    "airportName": "Corpus Christi",
    "displayName": "Corpus Christi",
    "cityName": "Corpus Christi",
    "shortDisplayName": "Corpus Christi",
    "cityState": "TX",
    "marketingCarriers": ["WN"],
    "countryCode": "US",
    "latitude": "27.7704",
    "longitude": "-97.5012",
    "airportSearchName": "Texas"
  },
  {
    "code": "DAL",
    "airportName": "Dallas (Love Field)",
    "displayName": "Dallas (Love Field)",
    "cityName": "Dallas",
    "shortDisplayName": "Dallas",
    "cityState": "TX",
    "marketingCarriers": ["WN"],
    "countryCode": "US",
    "latitude": "32.8471",
    "longitude": "-96.8518",
    "airportSearchName": "DFW, Ft. Worth, Fort Worth, Texas"
  },
  {
    "code": "DAY",
    "airportName": "Dayton",
    "displayName": "Dayton",
    "cityName": "Dayton",
    "shortDisplayName": "Dayton",
    "cityState": "OH",
    "marketingCarriers": ["WN"],
    "countryCode": "US",
    "latitude": "39.9024",
    "longitude": "-84.2194",
    "airportSearchName": "Ohio, Cincinnati, Columbus, CVG"
  },
  {
    "code": "DEN",
    "airportName": "Denver",
    "displayName": "Denver",
    "cityName": "Denver",
    "shortDisplayName": "Denver",
    "cityState": "CO",
    "marketingCarriers": ["WN"],
    "countryCode": "US",
    "latitude": "39.8617",
    "longitude": "-104.673",
    "airportSearchName": "Colorado, Boulder, Aspen, Vail, Colorado Springs, Mile High City, Skiing"
  },
  {
    "code": "DSM",
    "airportName": "Des Moines",
    "displayName": "Des Moines",
    "cityName": "Des Moines",
    "shortDisplayName": "Des Moines",
    "cityState": "IA",
    "marketingCarriers": ["WN"],
    "countryCode": "US",
    "latitude": "41.534",
    "longitude": "-93.6631",
    "airportSearchName": "Iowa"
  },
  {
    "code": "DTW",
    "airportName": "Detroit",
    "displayName": "Detroit",
    "cityName": "Detroit",
    "shortDisplayName": "Detroit",
    "cityState": "MI",
    "marketingCarriers": ["WN"],
    "countryCode": "US",
    "latitude": "42.2124",
    "longitude": "-83.3534",
    "airportSearchName": ""
  },
  {
    "code": "ELP",
    "airportName": "El Paso",
    "displayName": "El Paso",
    "cityName": "El Paso",
    "shortDisplayName": "El Paso",
    "cityState": "TX",
    "marketingCarriers": ["WN"],
    "countryCode": "US",
    "latitude": "31.8072",
    "longitude": "-106.378",
    "airportSearchName": "Texas, Ciudad Juarez"
  },
  {
    "code": "FNT",
    "airportName": "Flint",
    "displayName": "Flint",
    "cityName": "Flint",
    "shortDisplayName": "Flint",
    "cityState": "MI",
    "marketingCarriers": ["WN"],
    "countryCode": "US",
    "latitude": "42.9654",
    "longitude": "-83.7436",
    "airportSearchName": "Michigan, Lausing, East Lansing"
  },
  {
    "code": "FLL",
    "airportName": "Ft. Lauderdale",
    "displayName": "Ft. Lauderdale",
    "cityName": "Fort Lauderdale",
    "shortDisplayName": "Ft. Lauderdale",
    "cityState": "FL",
    "marketingCarriers": ["WN"],
    "countryCode": "US",
    "latitude": "26.0726",
    "longitude": "-80.1527",
    "airportSearchName": "Florida, MIA, Coral Gables, Miami, Boca Raton, West Palm Beach, Ft Lauderdale, Fort Lauderdale"
  },
  {
    "code": "RSW",
    "airportName": "Ft. Myers",
    "displayName": "Ft. Myers",
    "cityName": "Fort Myers",
    "shortDisplayName": "Ft. Myers",
    "cityState": "FL",
    "marketingCarriers": ["WN"],
    "countryCode": "US",
    "latitude": "26.5362",
    "longitude": "-81.7552",
    "airportSearchName": "Ft. Myers, Florida, Cape Coral, Ft. Meyers, Fort Meyers, Naples"
  },
  {
    "code": "GRR",
    "airportName": "Grand Rapids",
    "displayName": "Grand Rapids",
    "cityName": "Grand Rapids",
    "shortDisplayName": "Grand Rapids",
    "cityState": "MI",
    "marketingCarriers": ["WN"],
    "countryCode": "US",
    "latitude": "42.8808",
    "longitude": "-85.5228",
    "airportSearchName": "Michigan, Lausing, East Lansing"
  },
  {
    "code": "GSP",
    "airportName": "Greenville/Spartanburg",
    "displayName": "Greenville/Spartanburg",
    "cityName": "Greenville/Spartanburg",
    "shortDisplayName": "Greenville-Spartanburg",
    "cityState": "SC",
    "marketingCarriers": ["WN"],
    "countryCode": "US",
    "latitude": "34.8957",
    "longitude": "-82.2189",
    "airportSearchName": ""
  },
  {
    "code": "HRL",
    "airportName": "Harlingen",
    "displayName": "Harlingen",
    "cityName": "Harlingen",
    "shortDisplayName": "Harlingen",
    "cityState": "TX",
    "marketingCarriers": ["WN"],
    "countryCode": "US",
    "latitude": "26.2285",
    "longitude": "-97.6544",
    "airportSearchName": "Texas, McAllen, South Padre"
  },
  {
    "code": "BDL",
    "airportName": "Hartford",
    "displayName": "Hartford",
    "cityName": "Hartford",
    "shortDisplayName": "Hartford",
    "cityState": "CT",
    "marketingCarriers": ["WN"],
    "countryCode": "US",
    "latitude": "41.9389",
    "longitude": "-72.6832",
    "airportSearchName": "Connecticut, New Haven"
  },
  {
    "code": "HOU",
    "airportName": "Houston (Hobby)",
    "displayName": "Houston (Hobby)",
    "cityName": "Houston",
    "shortDisplayName": "Houston",
    "cityState": "TX",
    "marketingCarriers": ["WN"],
    "countryCode": "US",
    "latitude": "29.6454",
    "longitude": "-95.2789",
    "airportSearchName": "Texas, HUO, IAH, George Bush International, Galveston, H-Town, Huoston"
  },
  {
    "code": "IND",
    "airportName": "Indianapolis",
    "displayName": "Indianapolis",
    "cityName": "Indianapolis",
    "shortDisplayName": "Indianapolis",
    "cityState": "IN",
    "marketingCarriers": ["WN"],
    "countryCode": "US",
    "latitude": "39.7173",
    "longitude": "-86.2944",
    "airportSearchName": "Indiana, Dayton"
  },
  {
    "code": "JAX",
    "airportName": "Jacksonville",
    "displayName": "Jacksonville",
    "cityName": "Jacksonville",
    "shortDisplayName": "Jacksonville",
    "cityState": "FL",
    "marketingCarriers": ["WN"],
    "countryCode": "US",
    "latitude": "30.4941",
    "longitude": "-81.6879",
    "airportSearchName": "Florida"
  },
  {
    "code": "MCI",
    "airportName": "Kansas City",
    "displayName": "Kansas City",
    "cityName": "Kansas City",
    "shortDisplayName": "Kansas City",
    "cityState": "MO",
    "marketingCarriers": ["WN"],
    "countryCode": "US",
    "latitude": "39.2976",
    "longitude": "-94.7139",
    "airportSearchName": "Kansas, Wheeler, Show Me, Missouri"
  },
  {
    "code": "LAS",
    "airportName": "Las Vegas",
    "displayName": "Las Vegas",
    "cityName": "Las Vegas",
    "shortDisplayName": "Las Vegas",
    "cityState": "NV",
    "marketingCarriers": ["WN"],
    "countryCode": "US",
    "latitude": "36.0801",
    "longitude": "-115.152",
    "airportSearchName": "Nevada, Sin City, The Strip, Los Vegas"
  },
  {
    "code": "LIR",
    "airportName": "Liberia",
    "displayName": "Liberia",
    "cityName": "Liberia",
    "shortDisplayName": "Liberia",
    "cityState": "Costa Rica",
    "marketingCarriers": ["WN"],
    "countryCode": "CR",
    "latitude": "10.600005",
    "longitude": "-85.53839",
    "airportSearchName": ""
  },
  {
    "code": "LIT",
    "airportName": "Little Rock",
    "displayName": "Little Rock",
    "cityName": "Little Rock",
    "shortDisplayName": "Little Rock",
    "cityState": "AR",
    "marketingCarriers": ["WN"],
    "countryCode": "US",
    "latitude": "34.7294",
    "longitude": "-92.2243",
    "airportSearchName": "Arkansas, Jacksonville, Hot Springs"
  },
  {
    "code": "ISP",
    "airportName": "Long Island/Islip",
    "displayName": "Long Island/Islip",
    "cityName": "Long Island",
    "shortDisplayName": "Long Island",
    "cityState": "NY",
    "marketingCarriers": ["WN"],
    "countryCode": "US",
    "latitude": "40.7952",
    "longitude": "-73.1002",
    "airportSearchName": "New York, Queens, JFK"
  },
  {
    "code": "LAX",
    "airportName": "Los Angeles",
    "displayName": "Los Angeles",
    "cityName": "Los Angeles,Burbank,Ontario,Orange County",
    "shortDisplayName": "Los Angeles",
    "cityState": "CA",
    "marketingCarriers": ["WN"],
    "countryCode": "US",
    "latitude": "33.9425",
    "longitude": "-118.408",
    "airportSearchName": "California, Irvine, Long Beach, Hollywood, Palm Springs, Malibu, City of Angels, Las Angeles, Disney, Burbank, Orange County, Santa Ana, Ontario, Universal Studios, LGB"
  },
  {
    "code": "SDF",
    "airportName": "Louisville",
    "displayName": "Louisville",
    "cityName": "Louisville",
    "shortDisplayName": "Louisville",
    "cityState": "KY",
    "marketingCarriers": ["WN"],
    "countryCode": "US",
    "latitude": "38.1744",
    "longitude": "-85.736",
    "airportSearchName": "Kentucky, Lexington, Frankfort"
  },
  {
    "code": "LBB",
    "airportName": "Lubbock",
    "displayName": "Lubbock",
    "cityName": "Lubbock",
    "shortDisplayName": "Lubbock",
    "cityState": "TX",
    "marketingCarriers": ["WN"],
    "countryCode": "US",
    "latitude": "33.6636",
    "longitude": "-101.823",
    "airportSearchName": "Texas"
  },
  {
    "code": "MHT",
    "airportName": "Manchester",
    "displayName": "Manchester",
    "cityName": "Manchester",
    "shortDisplayName": "Manchester",
    "cityState": "NH",
    "marketingCarriers": ["WN"],
    "countryCode": "US",
    "latitude": "42.9326",
    "longitude": "-71.4357",
    "airportSearchName": "New Hampshire, Portsmouth"
  },
  {
    "code": "MEM",
    "airportName": "Memphis",
    "displayName": "Memphis",
    "cityName": "Memphis",
    "shortDisplayName": "Memphis",
    "cityState": "TN",
    "marketingCarriers": ["WN"],
    "countryCode": "US",
    "latitude": "35.0424",
    "longitude": "-89.9767",
    "airportSearchName": "Tennessee"
  },
  {
    "code": "MEX",
    "airportName": "Mexico City",
    "displayName": "Mexico City",
    "cityName": "Mexico City",
    "shortDisplayName": "Mexico City",
    "cityState": "Mexico",
    "marketingCarriers": ["WN"],
    "countryCode": "MX",
    "latitude": "19.4363",
    "longitude": "-99.0721",
    "airportSearchName": ""
  },
  {
    "code": "MAF",
    "airportName": "Midland/Odessa",
    "displayName": "Midland/Odessa",
    "cityName": "Midland,Odessa",
    "shortDisplayName": "Midland",
    "cityState": "TX",
    "marketingCarriers": ["WN"],
    "countryCode": "US",
    "latitude": "31.9425",
    "longitude": "-102.202",
    "airportSearchName": "Texas"
  },
  {
    "code": "MKE",
    "airportName": "Milwaukee",
    "displayName": "Milwaukee",
    "cityName": "Milwaukee",
    "shortDisplayName": "Milwaukee",
    "cityState": "WI",
    "marketingCarriers": ["WN"],
    "countryCode": "US",
    "latitude": "42.9472",
    "longitude": "-87.8966",
    "airportSearchName": "Wisconsin"
  },
  {
    "code": "MSP",
    "airportName": "Minneapolis/St. Paul (Terminal 2)",
    "displayName": "Minneapolis/St. Paul (Terminal 2)",
    "cityName": "Minneapolis",
    "shortDisplayName": "Minneapolis",
    "cityState": "MN",
    "marketingCarriers": ["WN"],
    "countryCode": "US",
    "latitude": "44.882",
    "longitude": "-93.2218",
    "airportSearchName": "Minnesota, Twin Cities"
  },
  {
    "code": "MBJ",
    "airportName": "Montego Bay",
    "displayName": "Montego Bay",
    "cityName": "Montego Bay",
    "shortDisplayName": "Montego Bay",
    "cityState": "Jamaica",
    "marketingCarriers": ["WN"],
    "countryCode": "JM",
    "latitude": "18.5037",
    "longitude": "-77.9134",
    "airportSearchName": "Jamaica"
  },
  {
    "code": "BNA",
    "airportName": "Nashville",
    "displayName": "Nashville",
    "cityName": "Nashville",
    "shortDisplayName": "Nashville",
    "cityState": "TN",
    "marketingCarriers": ["WN"],
    "countryCode": "US",
    "latitude": "36.1245",
    "longitude": "-86.6782",
    "airportSearchName": "Tennessee"
  },
  {
    "code": "NAS",
    "airportName": "Nassau",
    "displayName": "Nassau",
    "cityName": "Nassau",
    "shortDisplayName": "Nassau",
    "cityState": "Bahamas",
    "marketingCarriers": ["WN"],
    "countryCode": "BS",
    "latitude": "25.039",
    "longitude": "-77.4662",
    "airportSearchName": "Bahamas"
  },
  {
    "code": "MSY",
    "airportName": "New Orleans",
    "displayName": "New Orleans",
    "cityName": "New Orleans",
    "shortDisplayName": "New Orleans",
    "cityState": "LA",
    "marketingCarriers": ["WN"],
    "countryCode": "US",
    "latitude": "29.9934",
    "longitude": "-90.258",
    "airportSearchName": "Louisiana, Luoisiana, Baton Rouge, The Big Easy, The Cresent City, Bourbon St., Spring Break"
  },
  {
    "code": "LGA",
    "airportName": "New York (LaGuardia)",
    "displayName": "New York (LaGuardia)",
    "cityName": "New York",
    "shortDisplayName": "New York",
    "cityState": "NY",
    "marketingCarriers": ["WN"],
    "countryCode": "US",
    "latitude": "40.7772",
    "longitude": "-73.8726",
    "airportSearchName": "New York, Manhattan, Bronx, New Jersey, NYC, Queens, Brooklyn, The Big Apple, Empire State, Times Square, JFK"
  },
  {
    "code": "EWR",
    "airportName": "New York/Newark",
    "displayName": "New York/Newark",
    "cityName": "Newark",
    "shortDisplayName": "Newark",
    "cityState": "NJ",
    "marketingCarriers": ["WN"],
    "countryCode": "US",
    "latitude": "40.6925",
    "longitude": "-74.1687",
    "airportSearchName": "New York, Manhattan, Bronx, New Jersey, NYC, Queens, Brooklyn, The Big Apple, Empire State, Times Square, JFK"
  },
  {
    "code": "ORF",
    "airportName": "Norfolk",
    "displayName": "Norfolk",
    "cityName": "Norfolk",
    "shortDisplayName": "Norfolk",
    "cityState": "VA",
    "marketingCarriers": ["WN"],
    "countryCode": "US",
    "latitude": "36.8946",
    "longitude": "-76.2012",
    "airportSearchName": "Virginia, Newport News"
  },
  {
    "code": "OAK",
    "airportName": "Oakland",
    "displayName": "Oakland",
    "cityName": "Oakland,San Jose",
    "shortDisplayName": "Oakland",
    "cityState": "CA",
    "marketingCarriers": ["WN"],
    "countryCode": "US",
    "latitude": "37.7213",
    "longitude": "-122.221",
    "airportSearchName": "California, Fremont, Bay"
  },
  {
    "code": "OKC",
    "airportName": "Oklahoma City",
    "displayName": "Oklahoma City",
    "cityName": "Oklahoma City",
    "shortDisplayName": "Oklahoma City",
    "cityState": "OK",
    "marketingCarriers": ["WN"],
    "countryCode": "US",
    "latitude": "35.3931",
    "longitude": "-97.6007",
    "airportSearchName": "Oklahoma, Stillwater, Tulsa, Norman"
  },
  {
    "code": "OMA",
    "airportName": "Omaha",
    "displayName": "Omaha",
    "cityName": "Omaha",
    "shortDisplayName": "Omaha",
    "cityState": "NE",
    "marketingCarriers": ["WN"],
    "countryCode": "US",
    "latitude": "41.3032",
    "longitude": "-95.8941",
    "airportSearchName": "Nebraska"
  },
  {
    "code": "ONT",
    "airportName": "Ontario/LA",
    "displayName": "Ontario/LA",
    "cityName": "Ontario,Burbank,Orange County,Los Angeles",
    "shortDisplayName": "Ontario",
    "cityState": "CA",
    "marketingCarriers": ["WN"],
    "countryCode": "US",
    "latitude": "34.056",
    "longitude": "-117.601",
    "airportSearchName": "California, Los Angeles, San Bernardino, Las Angeles, Orange County, Santa Ana, Ontario, Universal Studios, Long Beach, LGB"
  },
  {
    "code": "SNA",
    "airportName": "Orange County/Santa Ana",
    "displayName": "Orange County/Santa Ana",
    "cityName": "Orange County,Burbank,Ontario,Los Angeles",
    "shortDisplayName": "Orange County",
    "cityState": "CA",
    "marketingCarriers": ["WN"],
    "countryCode": "US",
    "latitude": "33.6757",
    "longitude": "-117.868",
    "airportSearchName": "California, Irvine, Los Angeles, Las Angeles, Ontario, Orange County, Santa Ana, Universal Studios, Long Beach, LGB, John Wayne"
  },
  {
    "code": "MCO",
    "airportName": "Orlando",
    "displayName": "Orlando",
    "cityName": "Orlando",
    "shortDisplayName": "Orlando",
    "cityState": "FL",
    "marketingCarriers": ["WN"],
    "countryCode": "US",
    "latitude": "28.4294",
    "longitude": "-81.309",
    "airportSearchName": "Florida, Tampa, Disney, Universal Studios, SeaWorld, Sea World"
  },
  {
    "code": "ECP",
    "airportName": "Panama City Beach",
    "displayName": "Panama City Beach",
    "cityName": "Panama City",
    "shortDisplayName": "Panama City",
    "cityState": "FL",
    "marketingCarriers": ["WN"],
    "countryCode": "US",
    "latitude": "30.3582",
    "longitude": "-85.7956",
    "airportSearchName": "Florida, Tallahassee, Destin, Spring Break"
  },
  {
    "code": "PNS",
    "airportName": "Pensacola",
    "displayName": "Pensacola",
    "cityName": "Pensacola",
    "shortDisplayName": "Pensacola",
    "cityState": "FL",
    "marketingCarriers": ["WN"],
    "countryCode": "US",
    "latitude": "30.4734",
    "longitude": "-87.1866",
    "airportSearchName": "Florida, Destin, Spring Break, Mobile"
  },
  {
    "code": "PHL",
    "airportName": "Philadelphia",
    "displayName": "Philadelphia",
    "cityName": "Philadelphia",
    "shortDisplayName": "Philadelphia",
    "cityState": "PA",
    "marketingCarriers": ["WN"],
    "countryCode": "US",
    "latitude": "39.8719",
    "longitude": "-75.2411",
    "airportSearchName": "Pennsylvannia, New Jersey, Atlantic City, Philly"
  },
  {
    "code": "PHX",
    "airportName": "Phoenix",
    "displayName": "Phoenix",
    "cityName": "Phoenix",
    "shortDisplayName": "Phoenix",
    "cityState": "AZ",
    "marketingCarriers": ["WN"],
    "countryCode": "US",
    "latitude": "33.4343",
    "longitude": "-112.012",
    "airportSearchName": "Arizona, Tucson, Sedona, Grand Canyon"
  },
  {
    "code": "PIT",
    "airportName": "Pittsburgh",
    "displayName": "Pittsburgh",
    "cityName": "Pittsburgh",
    "shortDisplayName": "Pittsburgh",
    "cityState": "PA",
    "marketingCarriers": ["WN"],
    "countryCode": "US",
    "latitude": "40.4915",
    "longitude": "-80.2329",
    "airportSearchName": "Pennsylvania"
  },
  {
    "code": "PDX",
    "airportName": "Portland",
    "displayName": "Portland",
    "cityName": "Portland",
    "shortDisplayName": "Portland",
    "cityState": "OR",
    "marketingCarriers": ["WN"],
    "countryCode": "US",
    "latitude": "45.5887",
    "longitude": "-122.598",
    "airportSearchName": "Stumptown, Oregon, Beaverton"
  },
  {
    "code": "PWM",
    "airportName": "Portland",
    "displayName": "Portland",
    "cityName": "Portland",
    "shortDisplayName": "Portland",
    "cityState": "ME",
    "marketingCarriers": ["WN"],
    "countryCode": "US",
    "latitude": "43.6462",
    "longitude": "-70.3093",
    "airportSearchName": "Maine"
  },
  {
    "code": "PVD",
    "airportName": "Providence",
    "displayName": "Providence",
    "cityName": "Providence",
    "shortDisplayName": "Providence",
    "cityState": "RI",
    "marketingCarriers": ["WN"],
    "countryCode": "US",
    "latitude": "41.7326",
    "longitude": "-71.4204",
    "airportSearchName": "Rhode Island, Massachusetts, Connecticut"
  },
  {
    "code": "PVR",
    "airportName": "Puerto Vallarta",
    "displayName": "Puerto Vallarta",
    "cityName": "Puerto Vallarta",
    "shortDisplayName": "Puerto Vallarta",
    "cityState": "MX",
    "marketingCarriers": ["WN"],
    "countryCode": "MX",
    "latitude": "20.6801",
    "longitude": "-105.254",
    "airportSearchName": ""
  },
  {
    "code": "PUJ",
    "airportName": "Punta Cana",
    "displayName": "Punta Cana",
    "cityName": "Punta Cana",
    "shortDisplayName": "Punta Cana",
    "cityState": "DR",
    "marketingCarriers": ["WN"],
    "countryCode": "DR",
    "latitude": "18.5674",
    "longitude": "-68.3634",
    "airportSearchName": "Dominican Republic"
  },
  {
    "code": "RDU",
    "airportName": "Raleigh/Durham",
    "displayName": "Raleigh/Durham",
    "cityName": "Raleigh,Durham",
    "shortDisplayName": "",
    "cityState": "NC",
    "marketingCarriers": ["WN"],
    "countryCode": "US",
    "latitude": "35.8776",
    "longitude": "-78.7875",
    "airportSearchName": "North Carolina, Chapel Hill, Greensboro"
  },
  {
    "code": "RNO",
    "airportName": "Reno/Tahoe",
    "displayName": "Reno/Tahoe",
    "cityName": "Reno,Tahoe",
    "shortDisplayName": "Reno",
    "cityState": "NV",
    "marketingCarriers": ["WN"],
    "countryCode": "US",
    "latitude": "39.4991",
    "longitude": "-119.768",
    "airportSearchName": "Nevada, Lake Tahoe, Carson City"
  },
  {
    "code": "RIC",
    "airportName": "Richmond",
    "displayName": "Richmond",
    "cityName": "Richmond",
    "shortDisplayName": "Richmond",
    "cityState": "VA",
    "marketingCarriers": ["WN"],
    "countryCode": "US",
    "latitude": "37.5052",
    "longitude": "-77.3197",
    "airportSearchName": "Virginia"
  },
  {
    "code": "ROC",
    "airportName": "Rochester",
    "displayName": "Rochester",
    "cityName": "Rochester",
    "shortDisplayName": "Rochester",
    "cityState": "NY",
    "marketingCarriers": ["WN"],
    "countryCode": "US",
    "latitude": "43.1189",
    "longitude": "-77.6724",
    "airportSearchName": "New York, Syracuse, Toronto"
  },
  {
    "code": "SMF",
    "airportName": "Sacramento",
    "displayName": "Sacramento",
    "cityName": "Sacramento",
    "shortDisplayName": "Sacramento",
    "cityState": "CA",
    "marketingCarriers": ["WN"],
    "countryCode": "US",
    "latitude": "38.6954",
    "longitude": "-121.591",
    "airportSearchName": "California, Napa, Yosemite"
  },
  {
    "code": "SLC",
    "airportName": "Salt Lake City",
    "displayName": "Salt Lake City",
    "cityName": "Salt Lake City",
    "shortDisplayName": "Salt Lake City",
    "cityState": "UT",
    "marketingCarriers": ["WN"],
    "countryCode": "US",
    "latitude": "40.7884",
    "longitude": "-111.978",
    "airportSearchName": "Utah, Provo, Skiing, Yellowstone"
  },
  {
    "code": "SAT",
    "airportName": "San Antonio",
    "displayName": "San Antonio",
    "cityName": "San Antonio",
    "shortDisplayName": "San Antonio",
    "cityState": "TX",
    "marketingCarriers": ["WN"],
    "countryCode": "US",
    "latitude": "29.5337",
    "longitude": "-98.4698",
    "airportSearchName": "Alamo City, Texas, SeaWorld, Sea World"
  },
  {
    "code": "SAN",
    "airportName": "San Diego",
    "displayName": "San Diego",
    "cityName": "San Diego",
    "shortDisplayName": "San Diego",
    "cityState": "CA",
    "marketingCarriers": ["WN"],
    "countryCode": "US",
    "latitude": "32.7336",
    "longitude": "-117.19",
    "airportSearchName": "California, Tijuana, SeaWorld, Sea World"
  },
  {
    "code": "SFO",
    "airportName": "San Francisco",
    "displayName": "San Francisco",
    "cityName": "San Francisco",
    "shortDisplayName": "San Francisco",
    "cityState": "CA",
    "marketingCarriers": ["WN"],
    "countryCode": "US",
    "latitude": "37.619",
    "longitude": "-122.375",
    "airportSearchName": "California, Napa, San Mateo, Frisco, Golden Gate City, Bay"
  },
  {
    "code": "SJC",
    "airportName": "San Jose",
    "displayName": "San Jose",
    "cityName": "San Jose,Oakland",
    "shortDisplayName": "San Jose",
    "cityState": "CA",
    "marketingCarriers": ["WN"],
    "countryCode": "US",
    "latitude": "37.3626",
    "longitude": "-121.929",
    "airportSearchName": "California, Silicon Valley, Carmel, San Hose, Bay"
  },
  {
    "code": "SJO",
    "airportName": "San Jose",
    "displayName": "San Jose",
    "cityName": "San Jose",
    "shortDisplayName": "San José",
    "cityState": "Costa Rica",
    "marketingCarriers": ["WN"],
    "countryCode": "CR",
    "latitude": "9.993903",
    "longitude": "-84.208855",
    "airportSearchName": "San Hose"
  },
  {
    "code": "SJU",
    "airportName": "San Juan",
    "displayName": "San Juan",
    "cityName": "San Juan",
    "shortDisplayName": "San Juan",
    "cityState": "PR",
    "marketingCarriers": ["WN"],
    "countryCode": "US",
    "latitude": "18.4394",
    "longitude": "-66.0018",
    "airportSearchName": "Puerto Rico"
  },
  {
    "code": "SEA",
    "airportName": "Seattle/Tacoma",
    "displayName": "Seattle/Tacoma",
    "cityName": "Seattle,Tacoma",
    "shortDisplayName": "Seattle",
    "cityState": "WA",
    "marketingCarriers": ["WN"],
    "countryCode": "US",
    "latitude": "47.449",
    "longitude": "-122.309",
    "airportSearchName": "Emerald City, Washington, Vancouver"
  },
  {
    "code": "GEG",
    "airportName": "Spokane",
    "displayName": "Spokane",
    "cityName": "Spokane",
    "shortDisplayName": "Spokane",
    "cityState": "WA",
    "marketingCarriers": ["WN"],
    "countryCode": "US",
    "latitude": "47.6199",
    "longitude": "-117.534",
    "airportSearchName": "Washington"
  },
  {
    "code": "STL",
    "airportName": "St. Louis",
    "displayName": "St. Louis",
    "cityName": "St. Louis",
    "shortDisplayName": "St. Louis",
    "cityState": "MO",
    "marketingCarriers": ["WN"],
    "countryCode": "US",
    "latitude": "38.7487",
    "longitude": "-90.37",
    "airportSearchName": "Missouri, Saint Louis, St. Luois"
  },
  {
    "code": "TPA",
    "airportName": "Tampa",
    "displayName": "Tampa",
    "cityName": "Tampa",
    "shortDisplayName": "Tampa",
    "cityState": "FL",
    "marketingCarriers": ["WN"],
    "countryCode": "US",
    "latitude": "27.9755",
    "longitude": "-82.5332",
    "airportSearchName": "Florida, Orlando, Bay, Bush Gardens, Busch Gardens"
  },
  {
    "code": "TUS",
    "airportName": "Tucson",
    "displayName": "Tucson",
    "cityName": "Tucson",
    "shortDisplayName": "Tucson",
    "cityState": "AZ",
    "marketingCarriers": ["WN"],
    "countryCode": "US",
    "latitude": "32.1161",
    "longitude": "-110.941",
    "airportSearchName": "Arizona"
  },
  {
    "code": "TUL",
    "airportName": "Tulsa",
    "displayName": "Tulsa",
    "cityName": "Tulsa",
    "shortDisplayName": "Tulsa",
    "cityState": "OK",
    "marketingCarriers": ["WN"],
    "countryCode": "US",
    "latitude": "36.1984",
    "longitude": "-95.8881",
    "airportSearchName": "Oklahoma, Stillwater"
  },
  {
    "code": "IAD",
    "airportName": "Washington (Dulles)",
    "displayName": "Washington (Dulles)",
    "cityName": "Washington D.C.",
    "shortDisplayName": "Washington",
    "cityState": "DC",
    "marketingCarriers": ["WN"],
    "countryCode": "US",
    "latitude": "38.9445",
    "longitude": "-77.4558",
    "airportSearchName": "Capital City, America Capital, District of Columbia, DC, D.C."
  },
  {
    "code": "DCA",
    "airportName": "Washington (Reagan National)",
    "displayName": "Washington (Reagan National)",
    "cityName": "Washington D.C.",
    "shortDisplayName": "Washington",
    "cityState": "DC",
    "marketingCarriers": ["WN"],
    "countryCode": "US",
    "latitude": "38.8521",
    "longitude": "-77.0377",
    "airportSearchName": "Capital City, America Capital, District of Columbia, DC, D.C."
  },
  {
    "code": "PBI",
    "airportName": "West Palm Beach",
    "displayName": "West Palm Beach",
    "cityName": "West Palm Beach",
    "shortDisplayName": "West Palm Beach",
    "cityState": "FL",
    "marketingCarriers": ["WN"],
    "countryCode": "US",
    "latitude": "26.6832",
    "longitude": "-80.0956",
    "airportSearchName": "Florida, Boca Raton, Port St. Lucie"
  },
  {
    "code": "ICT",
    "airportName": "Wichita",
    "displayName": "Wichita",
    "cityName": "Wichita",
    "shortDisplayName": "Wichita",
    "cityState": "KS",
    "marketingCarriers": ["WN"],
    "countryCode": "US",
    "latitude": "37.6499",
    "longitude": "-97.4331",
    "airportSearchName": "Kansas"
  }
]
